Book Name,Author,Rating,Customers_Rated,Price
Ikigai: The Japanese secret to a long and happy life,Héctor García,4.6 out of 5 stars,"8,568",₹ 300.00
My First Library: Boxset of 10 Board Books for Kids,Wonder House Books,4.5 out of 5 stars,"14,296",₹ 449.00
Unfinished: A Memoir,Priyanka Chopra Jonas,4.2 out of 5 stars,272,₹ 511.00
Spoken English Course (Telugu),Vashista 360,4.6 out of 5 stars,84,₹ 399.00
Karma: A Yogi's Guide to Crafting Your Destiny,Sadhguru,-1,0,₹ 279.00
The Psychology of Money,Morgan Housel,4.5 out of 5 stars,"4,855",₹ 330.00
Rich Dad Poor Dad: What the Rich Teach Their Kids About Money That the Poor and Middle Class Do Not!,Robert T. Kiyosaki,4.6 out of 5 stars,"38,138",₹ 249.00
Think Like a Monk: The secret of how to harness the power of positivity and be happy now,Jay Shetty,4.7 out of 5 stars,"8,513",₹ 270.00
The Alchemist,Paulo Coelho,4.6 out of 5 stars,"42,939",₹ 189.00
World’s Greatest Books For Personal Growth & Wealth (Set of 4 Books): Perfect Motivational Gift Set,Dale Carnegie,4.5 out of 5 stars,"2,508",₹ 319.00
Atomic Habits: The life-changing million copy bestseller,James Clear,4.6 out of 5 stars,"13,188",₹ 399.00
Quantitative Aptitude for Competitive Examinations,R S Aggarwal,4.4 out of 5 stars,"7,578",₹ 465.00
General Knowledge,Dr. Binay Karna,4.4 out of 5 stars,"7,728",₹ 169.00
Grandma's Bag of Stories,Sudha Murty,4.6 out of 5 stars,"3,059",₹ 189.00
26 Years UPSC IAS/ IPS Prelims Topic-wise Solved Papers 1 & 2 (1995 - 2020) 11th Edition,Mrunal Patel,4.4 out of 5 stars,252,₹ 333.00
Life's Amazing Secrets: How to Find Balance and Purpose in Your Life,Gaur Gopal Das,4.6 out of 5 stars,"5,310",₹ 183.00
The Intelligent Investor (English) Paperback – 2013,Benjamin Graham,4.4 out of 5 stars,"18,166",₹ 516.00
One Arranged Murder,Chetan Bhagat,4.2 out of 5 stars,"4,688",₹ 117.00
Word Power Made Easy,Norman Lewis,4.4 out of 5 stars,"15,706",₹ 152.00
Oxford Student Atlas for India - Third Edition,Oxford University Press,4.6 out of 5 stars,"2,713",₹ 185.00
Attitude Is Everything: Change Your Attitude ... Change Your Life!,Keller Jeff,4.5 out of 5 stars,"5,716",₹ 158.00
Indian Polity - For Civil Services and Other State Examinations | 6th Edition,M. Laxmikanth,4.6 out of 5 stars,"4,849",₹ 617.00
Very First Sight Words Sentences Level - 1,Dreamland Publications,4.6 out of 5 stars,"1,400",₹ 126.00
How to Avoid a Climate Disaster: The Solutions We Have and the Breakthroughs We Need,Bill Gates,4.5 out of 5 stars,70,₹ 718.00
The Power of Your Subconscious Mind,Joseph Murphy,4.5 out of 5 stars,"24,221",₹ 159.00
Sapiens: A Brief History of Humankind,Yuval Noah Harari,4.6 out of 5 stars,"28,079",₹ 299.00
Think and Grow Rich,Napoleon Hill,4.5 out of 5 stars,"38,805",₹ 139.00
NTA UGC NET/SET/JRF: Teaching & Research Aptitude Paper 1 | By Pearson,KVS Madaan,4.4 out of 5 stars,491,₹ 399.00
"The 5 AM Club: Own Your Morning, Elevate Your Life",Robin Sharma,4.4 out of 5 stars,"8,854",₹ 210.00
Bhagavad Gita: Yatharoop (Hindi),A.C. Bhaktivendanta Swami Prabhupada,4.8 out of 5 stars,"4,238",₹ 181.00
Oswaal CBSE Question Bank Class 10 Science (Reduced Syllabus) (For 2021 Exam),Oswaal Editorial Board,4.7 out of 5 stars,273,₹ 375.00
A Modern Approach to Verbal & Non-Verbal Reasoning (2 Colour Edition),R.S. Aggarwal,4.4 out of 5 stars,"3,226",₹ 560.00
Objective NCERT at your FINGERTIPS for NEET-AIIMS - Biology,MTG Editorial Board,4.7 out of 5 stars,386,₹ 538.00
Man's Search For Meaning: The classic tribute to hope from the Holocaust,Viktor E Frankl,4.4 out of 5 stars,"25,298",₹ 201.00
The Monk Who Sold His Ferrari,Robin Sharma,4.6 out of 5 stars,"10,285",₹ 152.00
101 Panchatantra Stories for Children: Colourful Illustrated Stories,Om Books Editorial Team,4.5 out of 5 stars,168,₹ 119.00
Manorama English Yearbook 2021,Mammen Mathew,4.6 out of 5 stars,114,₹ 277.00
The Theory of Everything: The Origin and Fate of the Universe,Stephen Hawking,4.6 out of 5 stars,"3,722",₹ 158.00
Death; An Inside Story: A book for all those who shall die,Sadhguru,4.7 out of 5 stars,"3,073",₹ 211.00
Great Stories for Children,Ruskin Bond,4.5 out of 5 stars,"2,590",₹ 127.00
Objective General English,S.P. Bakshi,4.3 out of 5 stars,"5,014",₹ 210.00
Oswaal CBSE Sample Question Paper Class 10 Science Book (Reduced Syllabus for 2021 Exam),Oswaal Editorial Board,4.5 out of 5 stars,119,₹ 193.00
Picture Books Collection for Early Learning (Set of 12),E C Axus,4.2 out of 5 stars,"3,659",₹ 250.00
General Knowledge 2021,Manohar Pandey,4.3 out of 5 stars,"1,872",₹ 30.00
CBSE All In One Social Science Class 10 for 2021 Exam,Farah Sultan Madhumita Pattrea,4.4 out of 5 stars,418,₹ 353.00
Artificial Intelligence and the Future of Power: 5 Battlegrounds,RAJIV MALHOTRA,4.8 out of 5 stars,41,₹ 545.00
The Subtle Art of Not Giving a F*ck: A Counterintuitive Approach to Living a Good Life,Mark Manson,4.4 out of 5 stars,"40,595",₹ 269.00
The Richest Man in Babylon,George S. Clason,4.4 out of 5 stars,"14,581",₹ 99.00
A Brief History of Modern India (2019-2020 Edition) by Spectrum Books,Spectrum Books Pvt.Ltd.,4.5 out of 5 stars,"3,405",₹ 356.00
The Blue Umbrella,Ruskin Bond,4.5 out of 5 stars,"2,950",₹ 76.00
Wren & Martin High School English Grammar and Composition Book (Regular Edition),Rao N,4.4 out of 5 stars,"2,817",₹ 319.00
Oswaal CBSE Question Bank Class 10 Social Science (Reduced Syllabus) (For 2021 Exam),Oswaal Editorial Board,4.7 out of 5 stars,248,₹ 341.00
Oswaal CBSE Question Bank Class 10 Mathematics (Standard) (Reduced Syllabus) (For 2021 Exam),Oswaal Editorial Board,4.7 out of 5 stars,285,₹ 265.00
The Power of your Subconscious Mind,Joseph Murphy,4.5 out of 5 stars,"24,221",₹ 135.00
To Kill A Mockingbird: 50th Anniversary Edition: 60th Anniversary Edition,Harper Lee,4.5 out of 5 stars,"33,383",₹ 219.00
Kiran SSC Mathematics Chapterwise And Typewise Solved Papers 10500+ Objective Questions (English Medium) (3035),Think Tank of Kiran Institute of,4.1 out of 5 stars,154,₹ 473.00
Oswaal CBSE Sample Question Paper Class 10 Mathematics Standard Book (Reduced Syllabus for 2021 Exam),Oswaal Editorial Board,4.5 out of 5 stars,119,₹ 167.00
Rich Dad Poor Dad - 20th Anniversary Edition (Hindi),Robert T. Kiyosaki,4.6 out of 5 stars,"3,512",₹ 218.00
Certificate Physical And Human Geography; Indian Edition,Goh Cheng Leong,4.5 out of 5 stars,"4,087",₹ 274.00
"Indian Economy for Civil Services, Universities and Other Examinations | 12th Revised Edition",Ramesh Singh,3.9 out of 5 stars,599,₹ 460.00
"Children's Encyclopedia - Scientists, Inventions And Discoveries: The World of Knowledge",MANASVI VOHRA,4.3 out of 5 stars,829,₹ 127.00
1001 Activities Book,Dreamland Publications,4.5 out of 5 stars,"2,635",₹ 279.00
"One Day, Life Will Change: A story of love and inspiration to win life when it hits you hard . . .",Saranya Umakanthan,4.6 out of 5 stars,268,₹ 149.00
10 Years Solved Papers: ICSE Class 10 for 2021 Examination,Gurukul Books,4.4 out of 5 stars,220,₹ 672.00
CBSE All In One Science Class 10 for 2021 Exam,Sanubia & Rashmi Gupta Sonal Singh,4.4 out of 5 stars,404,₹ 392.00
Who Will Cry When You Die?,Robin Sharma,4.5 out of 5 stars,"6,473",₹ 138.00
Refreshing Mandala - Colouring Book for Adults Book 1,Dreamland Publications,4.6 out of 5 stars,"2,080",₹ 175.00
My First Complete Learning Library: Boxset of 20 Board Books Gift Set for Kids (Horizontal Design),Wonder House Books,4.5 out of 5 stars,"2,630",₹ 899.00
Current Affairs Yearly 2021,Arihant Experts,3.8 out of 5 stars,34,₹ 97.00
"Thinking, Fast and Slow (Penguin Press Non-Fiction)",Daniel Kahneman,4.4 out of 5 stars,"15,884",₹ 329.00
My First Book of Patterns Pencil Control: Patterns Practice book for kids (Pattern Writing),Wonder House Books,4.5 out of 5 stars,"2,969",₹ 119.00
The Right Choice: Resolving 10 Career Dilemmas for Extraordinary Success,Shiv Shivakumar,4.2 out of 5 stars,13,₹ 288.00
"Writing Practice Boxset: Pack of 4 Books (Writing Fun: Write and Practice Capital Letters, Small Letters, Patterns and…",Wonder House Books,4.4 out of 5 stars,"1,270",₹ 199.00
Environment By Shankar (7th) Revised Edition (2019-2020 Session),Shankar,4.3 out of 5 stars,"3,218",₹ 366.00
The Magic of the Lost Temple,Sudha Murty,4.7 out of 5 stars,"1,608",₹ 140.00
Amazon Brand - Solimo Board Books for Kids (Set of 10),Solimo,4.5 out of 5 stars,"2,286",₹ 409.00
"‘Kaun Hain Bharat Mata?’ : Itihas, Sanskriti aur Bharat ki Sankalpana ke Bare Mein : Jawahar Nehru",Purushottam Agrawal,5.0 out of 5 stars,1,₹ 346.48
Mathematics for Class 10 by R D Sharma (Examination 2020-2021),R.D. Sharma,4.5 out of 5 stars,616,₹ 495.00
LUCENT'S GENERAL KNOWLEDGE WITH GENERAL KNOWLEDGE 2021 EDITION,LUCENT ARIHANT EXPERTS,3.8 out of 5 stars,109,₹ 117.01
10 Last Years Solved Papers: CBSE Class 10 for 2021 Examination,Oswal Publishers,4.3 out of 5 stars,260,₹ 416.00
Pride & Prejudice,Jane Austen,4.5 out of 5 stars,"17,695",₹ 99.00
"My First 1000 Words: Early Learning Picture Book to Learn Alphabet, Numbers, Shapes and Colours, Transport, Birds and…",Wonder House Books,4.4 out of 5 stars,"1,176",₹ 149.00
How to Prepare for Quantitative Aptitude for the CAT,Arun Sharma,4.5 out of 5 stars,"1,664",₹ 550.00
How to Win Friends and Influence People,Dale Carnegie,4.5 out of 5 stars,"33,302",₹ 139.00
Peppa Pig: Little Library,Peppa Pig,4.3 out of 5 stars,"11,657",₹ 195.00
Brain Games for Clever Kids: Puzzles to Exercise Your Mind (Buster Brain Games),Gareth Moore,4.3 out of 5 stars,"3,618",₹ 182.00
Inner Engineering: A Yogi’s Guide to Joy,Sadhguru,4.6 out of 5 stars,"7,562",₹ 211.00
"Oswaal CBSE SAMPLE QUESTION PAPERS CLASS 10 (Set of 4 Books) Mathematics (Standard), Science, Social Science, English…",Oswaal Editorial Board,4.0 out of 5 stars,44,₹ 669.00
CBSE All In One English Core Class 12 for 2021 Exam,Gajendra Singh,4.4 out of 5 stars,297,₹ 332.00
How to Crack Test Of Reasoning- REVISED EDITION,Jaikishan,4.3 out of 5 stars,833,₹ 160.00
Eating in the Age of Dieting,Rujuta Diwekar,4.6 out of 5 stars,326,₹ 265.00
General Knowledge 2021,Manohar Pandey,4.3 out of 5 stars,606,₹ 125.00
101 Panchatantra Stories,Dreamland Publications,4.3 out of 5 stars,"2,607",₹ 130.00
CBSE New Pattern 15 Sample Paper Science Class 10 for 2021 Exam with reduced Syllabus,Dr. Alka Pandey Manish Dangwal,4.3 out of 5 stars,75,₹ 180.00
"Three Thousand Stitches: Ordinary People, Extraordinary Lives",Sudha Murty,4.6 out of 5 stars,"2,266",₹ 183.00
"Zero to One: Notes on Start Ups, or How to Build the Future",Peter Thiel,4.4 out of 5 stars,"7,396",₹ 399.00
Lines and Curves (Pattern Writing) - Part 1,Dreamland Publications,4.4 out of 5 stars,"1,544",₹ 80.00
Harry Potter and the Philosopher's Stone,J.K. Rowling,4.7 out of 5 stars,"22,751",₹ 287.00
Bhagvad gita as it is english new edition,His Divine Grace A.C. Bhaktivedanta,4.7 out of 5 stars,"3,301",₹ 254.00
CBSE New Pattern 15 Sample Paper Mathematics Class 10 (Standard) for 2021 Exam with reduced Syllabus,Vicky Sain Amit Rastogi,4.4 out of 5 stars,60,₹ 180.00
